Mouse,postdiet_GTTgluc_0min,postdiet_GTTgluc_15min,postdiet_GTTgluc_30min,postdiet_GTTgluc_45min,postdiet_GTTgluc_60min,postdiet_GTTgluc_90min,postdiet_GTTins_0min,postdiet_GTTins_15min,postdiet_fat,postdiet_lean
1A,7.3,12.8,11.7,11.7,12,10,0.684849474,0.857914917,2.25,15.91
1C,5.7,12.7,7.3,6.8,7.4,5.3,0.499422213,0.771382196,0.7,12.6
1B,9.7,13,9,9.7,9.5,9,0.870276735,0.524145848,5.39,14.31
1D,7.8,13.8,12.4,12.6,11.9,9.6,0.635402204,1.001311999,3.13,15.67
1E,6.7,11.5,11.6,10.6,9.5,8,0.524145848,0.5612313,1.68,14.45
1G,9,16.7,11.5,12.6,10.5,9.2,0.536507665,1.244839801,1.86,14.59
1F,6.5,14.3,10.5,9,8.4,9.3,0.388165857,0.697211291,0.71,12.87
1H,6.8,11.4,12,11.5,9.7,8.9,0.548869483,1.253493073,3.16,14.8
1I,7.8,13.8,8.4,8.3,8.9,7.3,0.524145848,0.833191282,1.83,13.38
1J,6,12.4,8.5,8.7,9.7,7,0.351080405,1.463643968,1.48,13.92
2C,6.4,16.1,17.1,12.1,10.2,6.7,0.721689294,0.761249792,1.74,26.21
2D,6.3,13.9,14.9,12.3,10.5,6.8,0.656750363,0.791106772,1.4,27.57
2A,8.2,15.4,13.7,12.6,11.7,8.9,1.268818448,2.102574608,5.46,24.03
2B,8,14.7,11.6,10.7,11,8.3,1.186711753,2.773610228,4.23,23.6
2E,9.4,17.8,16.8,15.5,13.4,11,2.716881967,3.649912584,8.28,26.72
2F,8.2,13.8,17.1,16.3,12.5,9.8,1.597245225,0.992641385,5.46,25.9
2G,8.2,13.6,13.4,12.5,12.2,9.8,1.179247509,1.656959185,4.43,24.16
2H,12.6,21.3,17.4,16.3,16.1,12.4,1.217051435,1.961103961,11.56,23.57
2I,11.8,25.4,25,19.8,18.3,16.1,1.050281041,1.955331139,9.44,24.22
2J,9,14.4,12.3,10.3,10.1,9.3,0.62694081,1.338922107,2.3,23.01
3A,9.3,17.3,13.2,12.8,11.5,9.7,0.594869581,0.928410368,2.19,23.96
3B,12,27.3,23.6,19.3,18.9,13.6,1.140080484,2.224088043,12.46,23.22
3C,14.2,22.4,19,22.9,18,16.5,1.390236074,2.012417928,10.76,23.16
3D,9.9,19.3,16.9,13.1,12.9,10.5,0.768054221,0.991269978,2.41,25.34
3E,11.8,19.6,14.3,14.8,14.8,13.6,0.620526565,0.845025172,3.11,22.27
3F,6.3,13.3,8.5,9.4,8.9,7.9,0.601283827,1.383821828,4.12,24.55
3G,6.8,13.7,10.1,10.4,9.5,9.3,0.755225729,1.005381319,4.1,24.89
3H,6.8,13,10.8,10.4,9.9,7.9,0.761639975,1.512106747,3.94,23.97
3I,11.1,19,21.7,21.3,20.9,19.4,3.305529904,4.526802327,13.45,27.07
3J,10.9,16.8,13.5,12.9,13.2,12.3,2.031660666,2.775713192,12.74,23.05
4A,11,14,11.3,11.5,11.2,10.5,1.332507861,1.653220157,7.74,26.2
4B,8.4,12.2,11.7,11.2,10.7,10,0.729568745,0.992552828,4.83,25.4
4C,12.5,19.7,17.1,14.9,12.9,12.9,1.67887714,2.384444191,13.87,23.65
4D,12.2,21,16.5,15.2,13.5,12.6,1.364579091,2.02524642,14.01,23.95
4E,11,17,13.8,13,13.9,10.9,0.812953942,1.101595008,3.32,15.2
4F,9.8,13.9,11.4,12.9,13.9,11.7,0.883510647,1.328659313,3.66,14.73
4G,8.3,16.8,12.3,11.7,11.7,9.5,0.703911761,0.889924893,2.7,14.51
4H,7.3,13.7,10.4,9.6,11,8.9,0.731493019,0.787296958,2.18,15.35
4J,9.2,12.7,12.7,12.8,12.8,12.3,1.050618894,1.185943846,2.78,14.27
5A,7.3,9.5,10.7,9.5,9.4,8.4,0.868224393,0.626992957,1.74,14.47
5B,4.7,13.4,9.2,9.2,9.6,8.5,0.556388635,0.621109264,0.36,14.38
5C,6.7,13,11.6,10.5,12.9,8.4,0.832922232,1.009433039,2.15,15.03
5D,12,20.3,17,15.7,16.4,16.1,1.491895911,4.392556836,13.48,24.57
5E,13.8,20.2,19.4,17,18.1,20.5,1.762545815,2.951051914,13.13,25.28
5F,10.3,16.4,15.7,13.7,13,11.2,0.997665652,1.10886746,2.71,25.83
5H,9.9,26.6,24.3,24,19.9,16.4,1.733127347,2.751006333,10.97,23.03
5I,10.8,23.3,16.6,15.4,16,14,2.327380396,3.939512432,15.12,25.07
5J,15.1,21.8,18,17.9,18.6,17.1,1.562500234,2.080265267,12.44,24.17
6A,12.5,23.1,17,17.5,15,13.1,1.797847976,2.464470456,11.78,23.02
6B,8.7,14.4,9.7,9.8,9.5,8.2,0.850573313,1.115339523,1.78,26.3
6C,7.7,21.5,15.9,13,11.7,9.8,0.815271151,2.097916348,1.51,26.13
6D,10,10.3,9.4,10.9,10.6,8.6,0.927061329,0.822919953,4.77,23.4
6E,6.4,17.6,15.1,12.4,9.9,7.5,0.668178812,1.233013394,3.23,25.54
6F,7.8,19.2,18.4,15.5,14.4,10.2,0.96236349,1.481893632,3.67,25.91
6G,8.4,18.3,16,14.1,12.5,10.6,0.974130877,1.003549345,2.82,25.46
6H,7.4,16.2,18.8,19.4,14.5,9.8,0.932945023,0.662295119,1.77,21.14
6I,7.5,18.5,13.8,13.3,9.7,8.4,0.815271151,0.903526555,1.94,24.74
6J,7.8,15.7,16.4,13.7,9.2,7.3,0.691713587,0.756434216,1.55,24.05
7A,6.9,13.3,10.5,9.8,8.9,8.7,0.915293942,1.633104556,4.55,26.93
7B,7.5,13.9,10.9,11.9,10.5,8.9,0.727015748,0.968247184,3.42,24.87
7C,6.9,14.6,11.2,11.4,11.3,7.9,0.632876651,0.995312174,3.91,25.06
7D,8.8,17.5,13,10.8,11.9,11.8,2.009660944,4.221929723,10.66,24.41
7E,9.8,9,14.9,13,12.1,11.3,2.115567428,3.345259382,11.62,22.82
7F,7.7,16.6,11.9,10.2,8.6,7.4,0.789505514,1.258487417,1.73,27.13
7G,7.3,14.1,12.7,12.7,10.4,8,0.747417395,0.843618811,1.77,28.2
7H,6.3,14.3,12.2,11.5,10.3,8.4,0.909757284,0.928997567,1.56,27.26
7I,7.8,12.8,13.4,14,13.3,13.1,1.354688833,1.474940603,8.67,27.48
7J,6.7,11.7,12.7,11.2,10,10.9,1.164089778,1.300575536,7.34,26.14
8A,6.3,8.9,8.5,9.8,8.6,7,0.864061612,0.831593634,2.79,24.91
8B,6.5,11.7,11,9.8,9.3,7.9,0.693304098,0.795518103,2.28,26.93
8C,3.9,10.8,12.6,10.9,10.3,9.2,0.921782461,1.479750674,4.67,27.27
8D,5.7,12.6,13.2,12,10.3,9.5,0.939820227,1.0059587,4.73,26.16
8E,5.4,10.7,11.2,9.8,8.7,7.3,0.771467749,1.090134939,2.45,29.46
8F,5.5,12.1,10,8.8,7.4,6.2,0.80754328,0.933807638,2.88,28.65
8G,5.9,14.9,11.2,10.7,9.4,7.8,1.062477032,1.949935094,6.66,26.01
8H,4.9,13.6,11.1,11.4,10.3,8.1,0.746214877,1.24646224,5.22,28.84
8I,7.6,9.9,10.5,9.3,8.3,7.9,0.777480337,0.825581045,2.57,26.92
8J,7,11.6,12.4,10.5,8.2,7.3,0.741404806,0.849631399,2.19,27.83
9A,12.8,27.9,28.9,25.3,24.6,16.6,5.634188473,7.73697282,13.77,25
9B,15.6,29.5,31,32.2,30.1,27.7,5.730926736,4.239120892,14.11,26
9C,12.8,25.8,25,22.9,20,15.2,2.309447121,2.66075976,14.43,24.17
9D,6.4,12.9,12.3,11.8,11.7,10.4,0.766726402,0.95511144,2.97,28.38
9E,5.9,17.5,13.9,11.8,9.9,7.7,0.675079627,1.128222016,2.55,28.07
9F,5.5,14.1,8.8,6.8,7.2,6.3,0.598707314,0.904196565,2.81,29.81
9G,6.1,15.9,14.4,12.2,11.4,6.9,0.569685835,0.619073264,2.72,29.56
9H,6.2,12.7,13.2,10.6,9.3,8.4,0.85328169,1.321698542,6.38,28.59
9I,4.6,9.3,12.8,10.9,10,6.9,0.664896652,0.960202928,4.79,28.75
9J,6.3,13.2,10.3,8.8,8.3,6.7,0.649622189,0.797275327,2.23,28.27
10A,7,11.2,10.5,9.2,8.7,7.5,0.838007227,1.097673091,3.21,28.64
10B,7.6,13.8,12.6,12.7,13.4,11.8,0.838007227,0.91437954,2.25,25.57
10C,5.7,16.8,18.9,17.7,13.2,9.1,0.736177477,0.77589108,1.27,24.67
10D,6.7,13.9,14,12.8,10.8,8.7,0.761634915,0.944928465,1.51,24.32
10E,8,12.5,10.4,9.7,8.9,7.8,0.848190202,0.868556153,1.72,24.06
10F,7.3,15.9,14.9,11.7,10.9,7.8,0.624164751,0.919471028,1.69,25.52
