Plate,Batch,Replicate,Mouse,Protein conc (ug/uL)
1.1,1,1,1A,2.245128247
1.1,1,1,3E,4.095737209
1.1,1,1,5I,4.462179292
1.1,1,1,8C,4.822488331
1.1,1,1,1B,2.148534923
1.1,1,1,3F,3.514642933
1.1,1,1,5J,3.891817567
1.1,1,1,8D,4.903749766
1.1,1,1,1E,2.340188524
1.1,1,1,3I,3.756893302
1.1,1,1,6C,4.511242569
1.1,1,1,8G,4.140200964
1.1,1,1,1F,1.993678557
1.1,1,1,3J,2.628435909
1.1,1,1,6D,4.965078655
1.1,1,1,8H,4.325721997
1.1,1,1,1I,1.94308202
1.1,1,1,4C,2.648368009
1.1,1,1,6G,4.178531675
1.1,1,1,9A,4.670698472
1.1,1,1,1J,2.145468416
1.1,1,1,4D,3.816689605
1.1,1,1,6H,3.638834632
1.1,1,1,9B,4.318055477
1.1,1,1,2C,3.634235079
1.1,1,1,4G,2.548707949
1.1,1,1,7A,3.914816174
1.1,1,1,9E,3.698630475
1.1,1,1,2D,3.901017102
1.1,1,1,4H,2.769493186
1.1,1,1,7B,3.001011004
1.1,1,1,9F,4.80255669
1.1,1,1,2G,3.148200851
1.1,1,1,5A,2.798624378
1.1,1,1,7E,4.083471628
1.1,1,1,9I,4.026741832
1.1,1,1,2H,5.015675423
1.1,1,1,5B,2.458247424
1.1,1,1,7F,4.667632426
1.1,1,1,9J,4.784157605
1.1,1,1,3A,4.351786666
1.1,1,1,5E,4.319588968
1.1,1,1,7I,4.63850079
1.1,1,1,10C,4.991143769
1.1,1,1,3B,4.862352533
1.1,1,1,5F,4.644633803
1.1,1,1,7J,4.63083473
1.1,1,1,10D,5.196596458
1.2,1,2,1B,1.784588869
1.2,1,2,3F,3.208663683
1.2,1,2,5J,3.675649136
1.2,1,2,8D,4.57725483
1.2,1,2,1A,1.787671097
1.2,1,2,3E,3.778910112
1.2,1,2,5I,4.11951677
1.2,1,2,8C,4.312167416
1.2,1,2,1E,1.917132569
1.2,1,2,3I,3.330418998
1.2,1,2,6C,4.196577034
1.2,1,2,8G,4.094857511
1.2,1,2,1F,1.642797761
1.2,1,2,3J,2.601428142
1.2,1,2,6D,4.762199983
1.2,1,2,8H,4.000843929
1.2,1,2,1I,1.715234545
1.2,1,2,4C,2.459637034
1.2,1,2,6G,3.926865692
1.2,1,2,9A,4.457040983
1.2,1,2,1J,1.821577764
1.2,1,2,4D,3.439844446
1.2,1,2,6H,3.265688155
1.2,1,2,9B,4.107186917
1.2,1,2,2C,3.296512347
1.2,1,2,4G,2.196091088
1.2,1,2,7A,3.745003445
1.2,1,2,9E,3.781992572
1.2,1,2,2D,3.549270355
1.2,1,2,4H,2.595263208
1.2,1,2,7B,2.838773839
1.2,1,2,9F,4.114892842
1.2,1,2,2G,3.008306665
1.2,1,2,5A,2.547486145
1.2,1,2,7E,3.419809115
1.2,1,2,9I,3.900665412
1.2,1,2,2H,4.711339998
1.2,1,2,5B,2.179137755
1.2,1,2,7F,4.191953553
1.2,1,2,9J,4.580337289
1.2,1,2,3B,4.50327704
1.2,1,2,5F,4.375356791
1.2,1,2,7J,4.230483686
1.2,1,2,10D,4.953309145
1.2,1,2,3A,4.121057776
1.2,1,2,5E,4.450876049
1.2,1,2,7I,4.962556554
1.2,1,2,10C,4.880872824
2.1,2,1,1C,2.214121171
2.1,2,1,3G,3.933785982
2.1,2,1,6A,4.077874607
2.1,2,1,8E,9.609620485
2.1,2,1,1D,2.336282907
2.1,2,1,3H,3.053593141
2.1,2,1,6B,4.460022346
2.1,2,1,8F,4.607243378
2.1,2,1,1G,2.261106416
2.1,2,1,4A,3.363696795
2.1,2,1,6E,3.997999734
2.1,2,1,8I,3.860175936
2.1,2,1,1H,1.955701379
2.1,2,1,4B,4.106065854
2.1,2,1,6F,4.268948477
2.1,2,1,8J,4.403639853
2.1,2,1,2A,2.342547735
2.1,2,1,4E,2.513261161
2.1,2,1,6I,4.478816814
2.1,2,1,9C,3.678498831
2.1,2,1,2B,3.542241479
2.1,2,1,4F,3.019137536
2.1,2,1,6J,2.065333929
2.1,2,1,9D,5.094325285
2.1,2,1,2E,4.015227301
2.1,2,1,7C,3.963543659
2.1,2,1,9G,4.470985556
2.1,2,1,2F,3.559469516
2.1,2,1,4J,2.339415329
2.1,2,1,7D,3.799094606
2.1,2,1,9H,5.003486732
2.1,2,1,2I,3.745844534
2.1,2,1,5C,2.969019416
2.1,2,1,7G,4.228228044
2.1,2,1,10A,5.014449942
2.1,2,1,2J,4.403639853
2.1,2,1,5D,4.572787303
2.1,2,1,7H,3.617417971
2.1,2,1,10B,4.975295485
2.1,2,1,3C,4.549294923
2.1,2,1,8A,4.687118721
2.1,2,1,10E,4.239191254
2.1,2,1,3D,4.956501488
2.1,2,1,5H,4.502309209
2.1,2,1,8B,4.226661614
2.1,2,1,10F,4.743501199
2.2,2,2,1D,2.36049737
2.2,2,2,3H,3.087994544
2.2,2,2,6B,4.737691885
2.2,2,2,8F,4.693921712
2.2,2,2,1C,2.251826042
2.2,2,2,3G,3.801907734
2.2,2,2,6A,3.937747467
2.2,2,2,8E,4.598833885
2.2,2,2,1G,2.342385562
2.2,2,2,4A,3.509097726
2.2,2,2,6E,4.013213884
2.2,2,2,8I,3.89397684
2.2,2,2,1H,1.974109137
2.2,2,2,4B,3.990573785
2.2,2,2,6F,4.275837235
2.2,2,2,8J,4.143016207
2.2,2,2,2A,2.407286716
2.2,2,2,4E,2.482753134
2.2,2,2,6I,4.248669282
2.2,2,2,9C,3.510606859
2.2,2,2,2B,3.430612588
2.2,2,2,4F,3.06535443
2.2,2,2,6J,2.026935682
2.2,2,2,9D,4.869003779
2.2,2,2,2E,3.922653911
2.2,2,2,7C,3.89397684
2.2,2,2,9G,4.392055574
2.2,2,2,2F,3.490985466
2.2,2,2,4J,2.419361566
2.2,2,2,7D,3.693235939
2.2,2,2,9H,4.8720225
2.2,2,2,2I,3.691726352
2.2,2,2,5C,2.861595276
2.2,2,2,7G,4.212445199
2.2,2,2,10A,4.894662598
2.2,2,2,2J,4.42677007
2.2,2,2,5D,4.520348763
2.2,2,2,7H,3.551358781
2.2,2,2,10B,4.455447594
2.2,2,2,3D,4.8720225
2.2,2,2,5H,4.259234546
2.2,2,2,8B,4.055474939
2.2,2,2,10F,4.663735054
2.2,2,2,3C,4.440354039
2.2,2,2,8A,4.621473546
2.2,2,2,10E,4.413186101
